[
    {
        "id": 1,
        "size":["xs", "sm", "md"],
        "name": "Brown paperbag waist pencil skirt",
        "price": 12.99,
        "category":[1,2,3],
        "description": "Lorem ipsum dolor sit amet, consectetuer adipiscing elit. Phasellus hendrerit. Pellentesque.",
        "image": "product-4.jpg",
        "thumbnails": ["product-4-thumb.jpg", "product-4-2-thumb.jpg", "product-4-3-thumb.jpg"],
        "badge": "out-stock",
        "rating": 2,
        "review_count": 2
    },
    {
        "id": 2,
        "size":["xs", "sm", "md"],
        "name": "Casual cotton blend shirt",
        "price": 24.49,
        "category":[4,5,3],
        "description": "Aenean commodo ligula eget dolor. Aenean massa. Cum sociis natoque penatibus.",
        "image": "product-4.jpg",
        "thumbnails": ["product-4-thumb.jpg", "product-4-2-thumb.jpg", "product-4-3-thumb.jpg"],
        "badge": "new-arrival",
        "rating": 4,
        "review_count": 18
    },
    {
        "id": 3,
        "size":["lg", "sm", "xl"],
        "name": "Classic leather boots",
        "price": 89.99,
        "category":[1,7,6],
        "description": "Donec pede justo, fringilla vel, aliquet nec, vulputate eget, arcu. In enim justo.",
        "image": "product-4.jpg",
        "thumbnails": ["product-4-thumb.jpg", "product-4-2-thumb.jpg", "product-4-3-thumb.jpg"],
        "badge": "best-seller",
        "rating": 5,
        "review_count": 35
    },
    {
        "id": 4,
        "size":["xs", "xxl", "md"],
        "name": "Elegant chiffon blouse",
        "price": 34.99,
        "category":[1],
        "description": "Vivamus elementum semper nisi. Aenean vulputate eleifend tellus. Aenean leo ligula.",
        "image": "product-4.jpg",
        "thumbnails": ["product-4-thumb.jpg", "product-4-2-thumb.jpg", "product-4-3-thumb.jpg"],
        "badge": "limited",
        "rating": 3,
        "review_count": 10
    },
    {
        "id": 5,
        "size":["xs", "xxl", "xl"],
        "name": "Slim-fit denim jeans",
        "price": 49.95,
        "category":[1,2],
        "description": "Ut varius tincidunt libero. Phasellus dolor. Maecenas vestibulum mollis diam.",
        "image": "product-4.jpg",
        "thumbnails": ["product-4-thumb.jpg", "product-4-2-thumb.jpg", "product-4-3-thumb.jpg"],
        "badge": "",
        "rating": 4,
        "review_count": 25
    },
    {
        "id": 6,
        "size":["xs", "sm", "xxl"],
        "name": "Cotton blend joggers",
        "price": 19.99,
        "category":[3],
        "description": "Etiam ultricies nisi vel augue. Curabitur ullamcorper ultricies nisi. Nam eget dui.",
        "image": "product-4.jpg",
        "thumbnails": ["product-4-thumb.jpg", "product-4-2-thumb.jpg", "product-4-3-thumb.jpg"],
        "badge": "sale",
        "rating": 3,
        "review_count": 15
    },
    {
        "id": 7,
        "size":["xxl"],
        "name": "Oversized pullover hoodie",
        "price": 39.99,
        "category":[3],
        "description": "Donec vitae sapien ut libero venenatis faucibus. Nullam quis ante. Etiam sit amet orci.",
        "image": "product-4.jpg",
        "thumbnails": ["product-4-thumb.jpg", "product-4-2-thumb.jpg", "product-4-3-thumb.jpg"],
        "badge": "",
        "rating": 5,
        "review_count": 42
    },
    {
        "id": 8,
        "size":["xs"],
        "name": "Patterned maxi dress",
        "price": 59.95,
        "category":[5,2,3],
        "description": "Sed fringilla mauris sit amet nibh. Donec sodales sagittis magna. Sed consequat, leo eget.",
        "image": "product-4.jpg",
        "thumbnails": ["product-4-thumb.jpg", "product-4-2-thumb.jpg", "product-4-3-thumb.jpg"],
        "badge": "limited",
        "rating": 4,
        "review_count": 30
    },
    {
        "id": 9,
        "size":["md"],
        "name": "Waterproof sports watch",
        "price": 79.99,
        "category":[7,4,3],
        "description": "Vestibulum ante ipsum primis in faucibus orci luctus et ultrices posuere cubilia Curae.",
        "image": "product-4.jpg",
        "thumbnails": ["product-4-thumb.jpg", "product-4-2-thumb.jpg", "product-4-3-thumb.jpg"],
        "badge": "new-arrival",
        "rating": 4,
        "review_count": 12
    },
    {
        "id": 10,
        "size":["xs"],
        "name": "Stylish leather backpack",
        "price": 89.99,
        "category":[7],
        "description": "Nullam dictum felis eu pede mollis pretium. Integer tincidunt. Cras dapibus.",
        "image": "product-4.jpg",
        "thumbnails": ["product-4-thumb.jpg", "product-4-2-thumb.jpg", "product-4-3-thumb.jpg"],
        "badge": "new-arrival",
        "rating": 5,
        "review_count": 48
    },
    {
        "id": 11,
        "size":["sm"],
        "name": "Patterned maxi dress",
        "price": 59.95,
        "category":[5],
        "description": "Sed fringilla mauris sit amet nibh. Donec sodales sagittis magna. Sed consequat, leo eget.",
        "image": "product-4.jpg",
        "thumbnails": ["product-4-thumb.jpg", "product-4-2-thumb.jpg", "product-4-3-thumb.jpg"],
        "badge": "limited",
        "rating": 4,
        "review_count": 30
    },
    {
        "id": 12,
        "size":["lg"],
        "name": "Waterproof sports watch",
        "price": 79.99,
        "category":[6],
        "description": "Vestibulum ante ipsum primis in faucibus orci luctus et ultrices posuere cubilia Curae.",
        "image": "product-4.jpg",
        "thumbnails": ["product-4-thumb.jpg", "product-4-2-thumb.jpg", "product-4-3-thumb.jpg"],
        "badge": "new-arrival",
        "rating": 4,
        "review_count": 12
    }
]
