[
    {
        "id": 1,
        "name": "xs",
        "description": "Extra Small size, perfect for petite builds.",
        "chest": "32-34 inches",
        "waist": "24-26 inches",
        "image": "/images/sizes/xs-tshirt.jpg"
    },
    {
        "id": 2,
        "name": "sm",
        "description": "Small size, ideal for slim fits.",
        "chest": "35-37 inches",
        "waist": "27-29 inches",
        "image": "/images/sizes/s-tshirt.jpg"
    },
    {
        "id": 3,
        "name": "md",
        "description": "Medium size, fits most average builds.",
        "chest": "38-40 inches",
        "waist": "30-32 inches",
        "image": "/images/sizes/m-tshirt.jpg"
    },
    {
        "id": 4,
        "name": "lg",
        "description": "Large size, great for broader shoulders.",
        "chest": "41-43 inches",
        "waist": "33-35 inches",
        "image": "/images/sizes/l-tshirt.jpg"
    },
    {
        "id": 5,
        "name": "xl",
        "description": "Extra Large size, comfortable for big builds.",
        "chest": "44-46 inches",
        "waist": "36-38 inches",
        "image": "/images/sizes/xl-tshirt.jpg"
    },
    {
        "id": 6,
        "name": "xxl",
        "description": "Double Extra Large, designed for tall or big sizes.",
        "chest": "47-49 inches",
        "waist": "39-41 inches",
        "image": "/images/sizes/xxl-tshirt.jpg"
    }
]